alcohol,volatile acidity,sulphates,citric acid,quality,original_index,QAS,CAS,quantum_novelty,qnh_B_corrected,QLGC,QU,RD,QI_v2,anomaly_category
10.5,0.51,0.58,0.19,6,816,0.9868,0.0079,1.0,0.0,0.0241,1.0,1.0,1.0,Quantum-only
9.8,0.46,0.54,0.31,5,682,0.99,0.094,0.9194,0.0488,0.1153,0.9788,0.9336,0.9556,Quantum-only
9.8,0.46,0.65,0.14,5,781,0.8844,0.0951,0.8484,0.0914,0.1734,0.8705,0.8482,0.8575,Quantum-only
11.3,0.38,0.76,0.31,8,1449,0.914,0.202,0.9555,0.0107,0.0592,0.9214,0.7864,0.852,Quantum-only
9.7,0.48,0.64,0.08,5,1525,0.9424,0.0842,0.7724,0.1177,0.2707,0.8894,0.8145,0.85,Quantum-only
11.2,0.48,0.54,0.09,6,1102,0.9215,0.115,0.7594,0.1076,0.281,0.8624,0.7731,0.8154,Quantum-only
10.9,0.42,0.56,0.19,5,1284,0.8001,0.0952,0.8705,0.1099,0.1314,0.818,0.7807,0.7967,Neither
10.7,0.5,0.52,0.34,6,798,0.9283,0.1921,0.7859,0.1079,0.2526,0.8812,0.7168,0.7965,Quantum-only
9.7,0.48,0.53,0.02,5,1389,0.8749,0.1535,0.619,0.2577,0.4291,0.804,0.7939,0.7964,Quantum-only
12.6,0.31,0.56,0.32,6,1026,0.9383,0.403,0.8115,0.1063,0.2259,0.9016,0.645,0.7704,Quantum-only
11.8,0.18,0.78,0.34,6,1230,1.0,0.572,0.9266,0.0317,0.1092,0.985,0.5591,0.7691,Quantum-only
12.0,0.49,0.63,0.27,6,1103,0.8265,0.1727,0.781,0.1012,0.2373,0.7925,0.7399,0.7632,Neither
9.4,0.52,0.63,0.04,6,51,0.9178,0.1399,0.8046,0.0892,0.2295,0.8757,0.6391,0.7543,Quantum-only
9.4,0.49,0.53,0.11,5,23,0.8449,0.0929,0.6531,0.2062,0.3847,0.7791,0.7295,0.7511,Quantum-only
9.3,0.4,0.6,0.51,6,596,0.8082,0.2739,0.9563,0.0523,0.0367,0.8482,0.6442,0.7429,Neither
10.0,0.53,0.56,0.04,6,162,0.7209,0.0124,0.6835,0.1723,0.3252,0.6805,0.7836,0.7286,Neither
11.2,0.46,0.53,0.0,5,1272,0.8262,0.3008,0.8439,0.0886,0.1667,0.8193,0.637,0.7246,Neither
10.0,0.43,0.64,0.4,7,942,0.9224,0.1128,0.8977,0.069,0.1259,0.9189,0.5215,0.7166,Quantum-only
10.7,0.53,0.59,0.06,6,300,0.6548,0.0069,0.8413,0.1109,0.1345,0.6838,0.7351,0.7057,Neither
11.0,0.74,0.59,0.0,5,1290,0.8062,0.2362,0.8761,0.086,0.1264,0.8179,0.5839,0.697,Neither
