alcohol,volatile acidity,sulphates,citric acid,quality,original_index,QAS,CAS,quantum_novelty,quantum_boundary,QI_balanced,anomaly_category
9.3,0.725,1.07,0.24,5,415,0.9492,0.7423,0.8627,0.0787,1.0,Both
10.8,0.24,1.02,0.46,7,506,0.9359,0.7268,0.9034,0.0356,0.9836,Both
11.8,0.18,0.78,0.34,6,1230,1.0,0.572,0.9266,0.034,0.9818,Quantum-only
9.4,0.36,1.06,0.6,5,483,0.8065,0.7207,0.5249,0.412,0.8852,Classical-only
12.6,0.31,0.56,0.32,6,1026,0.9383,0.403,0.8115,0.1076,0.8587,Quantum-only
10.3,0.22,0.87,0.24,6,535,0.8063,0.5539,0.9729,0.0195,0.844,Neither
9.4,0.36,1.05,0.59,5,482,0.775,0.6703,0.5113,0.4153,0.8396,Classical-only
9.9,0.67,0.98,0.22,6,350,0.8319,0.4947,0.9097,0.059,0.8323,Neither
12.9,0.585,0.94,0.0,7,802,0.7259,0.7503,0.6847,0.2398,0.8321,Classical-only
14.0,0.49,0.82,0.03,8,1269,0.5941,0.9081,0.6442,0.3253,0.8097,Classical-only
9.8,0.46,0.54,0.31,5,682,0.99,0.094,0.9194,0.0512,0.8019,Quantum-only
11.8,0.26,0.61,0.68,5,462,0.657,0.721,0.6407,0.3376,0.7903,Classical-only
11.7,0.3,0.92,0.56,8,481,0.7263,0.5857,0.8518,0.1158,0.7877,Neither
10.9,0.725,0.39,0.05,5,65,0.7507,0.6248,0.6,0.2785,0.7872,Neither
11.3,0.38,0.76,0.31,8,1449,0.914,0.202,0.9555,0.0064,0.7825,Quantum-only
9.9,0.6,0.57,0.65,5,394,0.7273,0.6419,0.7446,0.15,0.7822,Classical-only
10.5,0.51,0.58,0.19,6,816,0.9868,0.0079,1.0,0.0,0.7786,Quantum-only
9.3,0.635,1.09,0.37,5,240,0.6856,0.7109,0.6898,0.2003,0.7751,Classical-only
10.7,0.5,0.52,0.34,6,798,0.9283,0.1921,0.7859,0.1087,0.7645,Quantum-only
12.8,0.51,0.59,0.15,6,1311,0.7725,0.3767,0.9825,0.0206,0.7577,Neither
